URL,Target Keyword,Content Length,Keyword Density,Page Load Time,Backlinks,Bounce Rate,Organic Traffic,Mobile-Friendly,Readability Score,Domain Age,Page Views (last month),Click-Through Rate
https://example.com/page1,SEO Tips,800,2.5,3.2,120,45,5000,Yes,70,3,20000,10
https://example.com/page2,Python Tutorial,1200,1.8,2.5,80,30,8000,Yes,80,2,25000,15
https://example.com/page3,Data Analysis,1000,2.0,4.0,150,55,3000,No,65,5,15000,8
https://example.com/page4,Machine Learning,1500,1.5,3.5,200,40,6000,Yes,75,4,18000,12
https://example.com/page5,Web Development,900,2.2,2.8,100,35,7000,Yes,68,1,22000,11
https://example.com/page6,AI Applications,1300,1.7,3.8,180,50,4000,Yes,72,3,17000,9
https://example.com/page7,Cloud Computing,1100,2.3,3.0,90,25,9000,Yes,78,2,26000,14
https://example.com/page8,Cybersecurity,1400,1.6,3.7,160,48,3500,Yes,73,4,19000,10
https://example.com/page9,Digital Marketing,950,2.1,3.1,110,42,5500,Yes,75,2,21000,13
https://example.com/page10,Big Data Analytics,1200,1.9,3.3,130,38,7500,Yes,68,3,24000,12
https://example.com/page11,E-commerce Trends,1000,2.2,2.7,70,33,8500,Yes,82,1,27000,16
https://example.com/page12,UX Design Principles,1100,2.4,3.4,140,47,4500,Yes,69,4,16000,9
https://example.com/page13,Internet of Things,1300,1.8,2.9,95,31,6800,Yes,77,2,23000,14
https://example.com/page14,Social Media Marketing,900,2.3,3.6,120,43,5200,Yes,71,3,20000,11
https://example.com/page15,Data Privacy Laws,1000,2.1,3.0,110,37,7300,Yes,76,1,25000,13
https://example.com/page16,SEO Best Practices,1100,2.0,2.8,85,28,8200,Yes,74,4,18000,10
https://example.com/page17,Cloud Security,1200,1.7,3.1,125,50,4200,Yes,70,2,21000,15
https://example.com/page18,Programming Languages,950,2.2,3.5,105,34,6600,Yes,79,3,19000,12
https://example.com/page19,Artificial Intelligence in Healthcare,1400,1.9,2.6,170,45,5500,Yes,68,5,13000,8
https://example.com/page20,Web Accessibility,1000,2.3,3.3,95,40,5800,Yes,72,2,22000,14
https://example.com/page21,Blockchain Technology,1100,2.1,3.2,105,35,6200,Yes,73,3,18000,9
https://example.com/page22,Remote Work Tips,950,2.3,2.9,85,30,7400,Yes,76,2,24000,12
https://example.com/page23,Virtual Reality Applications,1300,1.9,3.5,120,42,4800,Yes,68,4,16000,10
https://example.com/page24,Quantum Computing Explained,1200,2.0,3.8,150,48,3900,Yes,71,1,20000,11
https://example.com/page25,Startup Funding Strategies,1000,2.2,3.0,90,32,6800,Yes,79,2,22000,14
https://example.com/page26,Agile Project Management,1150,2.0,2.7,110,38,5500,Yes,74,3,21000,13
https://example.com/page27,Biotechnology Advances,1400,1.6,3.1,160,45,4100,Yes,77,5,13000,8
https://example.com/page28,Natural Language Processing,1250,1.8,2.5,95,28,7900,Yes,72,2,25000,15
https://example.com/page29,Cybersecurity Threats,1050,2.2,3.3,100,34,6000,Yes,75,4,17000,11
https://example.com/page30,UX/UI Design Trends,950,2.4,3.6,80,29,7200,Yes,78,1,23000,13
https://example.com/page31,Robotics in Manufacturing,1350,1.7,2.8,140,43,4700,Yes,69,3,19000,10
https://example.com/page32,Data Science Careers,1120,2.0,3.2,125,39,5800,Yes,76,2,20000,12
https://example.com/page33,Cloud Storage Solutions,980,2.1,2.6,80,30,6900,Yes,75,1,21000,14
https://example.com/page34,Sustainable Energy Technologies,1300,1.8,3.0,110,36,5200,Yes,71,4,18000,9
https://example.com/page35,AR/VR in Education,1180,2.1,3.5,90,31,6500,Yes,73,2,22000,11
https://example.com/page36,The Future of Work,1020,2.3,2.9,85,32,7100,Yes,79,3,24000,15
https://example.com/page37,Healthcare Technology Trends,1280,1.7,3.8,155,47,4300,Yes,68,4,16000,10
https://example.com/page38,SEO for E-commerce,940,2.5,3.4,100,34,5900,Yes,74,2,20000,12
https://example.com/page39,Artificial Intelligence Ethics,1230,1.9,2.5,95,29,7600,Yes,72,5,13000,8
https://example.com/page40,Social Media Trends,1080,2.2,3.1,120,37,5400,Yes,77,1,21000,13
https://example.com/page41,Cryptocurrency Investment,1140,2.0,2.7,105,33,6300,Yes,76,3,19000,11
https://example.com/page42,Machine Learning Applications,1260,1.8,3.6,135,42,4800,Yes,71,2,24000,14
https://example.com/page43,DevOps Practices,990,2.4,3.0,80,28,7300,Yes,78,4,17000,11
https://example.com/page44,5G Technology Impact,1320,1.6,3.2,150,49,4000,Yes,75,1,20000,12
https://example.com/page45,Human Resources Technology,1070,2.2,2.8,90,31,6700,Yes,73,3,18000,9
https://example.com/page46,Ethical Hacking Techniques,1210,1.9,3.5,110,38,5600,Yes,74,2,20000,12
https://example.com/page47,Web Design Principles,970,2.3,3.1,80,32,7000,Yes,79,1,23000,13
https://example.com/page48,IoT in Smart Cities,1290,1.7,2.9,120,45,4200,Yes,68,4,16000,10
https://example.com/page49,Agile Software Development,1160,2.0,3.3,100,36,5800,Yes,75,2,22000,11
https://example.com/page50,Quantum Cryptography,1040,2.2,3.6,85,30,7200,Yes,76,3,24000,15

